url	first_seen	portal	title	company	status	location	fingerprint	posted_at	trust_score	trust_flags	normalized_company
https://job-boards.greenhouse.io/2k/jobs/7787506003	2026-08-29	greenhouse-api	Staff Data Analyst	2K	added	Novato, California, United States	f05d0f1e9ea11acf	2026-07-21			2k
https://job-boards.greenhouse.io/wppmedia/jobs/5166445008	2026-08-29	greenhouse-api	Data Analyst H/F - CDI (Lille)	WPP	added	Lille, France	f0fad65cf0e830f8	2026-03-26			wpp
https://job-boards.greenhouse.io/wppmedia/jobs/5133547008	2026-08-29	greenhouse-api	Executive Data Analyst	WPP	added	Jakarta, Indonesia	5752189e73be48aa	2026-07-31			wpp
https://4dayweek.io/job/senior-data-analyst-at-oak-national-academy-41c852ae	2026-08-29	4dayweek-api	Senior Data Analyst	Oak National Academy	added	United Kingdom, Remote		2026-08-28			oak national academy
https://www.workingnomads.com/job/go/1821504/	2026-08-29	workingnomads-api	Data Analyst (No Experience Required)	Peroptyx	added	Belgium					peroptyx
https://www.workingnomads.com/job/go/1799726/	2026-08-29	workingnomads-api	Looking For Online ESL Teachers - Remote- Joining Rewards of up to USD $100	Polly English	added	North America					polly english
https://himalayas.app/companies/brighty-app/jobs/data-analyst	2026-08-30	himalayas-api	Data Analyst	Brighty App	added			2026-08-30			brighty app
https://himalayas.app/companies/rws-group/jobs/audio-transcription-tagalog-philippines	2026-09-01	himalayas-api	Audio Transcription - Tagalog (Philippines)	RWS Group	added			2026-09-01			rws
https://nodesk.co/remote-jobs/chess-com-tamil-translator/	2026-09-01	nodesk-api	Tamil Translator	Chess.com	added			2026-09-01			chess com
https://jobicy.com/jobs/152315-senior-data-analyst-gtm	2026-09-01	jobicy-api	Senior Data Analyst, GTM	Tremendous	added	USA		2026-09-01			tremendous
https://jobicy.com/jobs/152312-binance-acceleration-program-product-data-analyst	2026-09-01	jobicy-api	Binance Acceleration Program - Product Data Analyst	Binance	added	Hong Kong		2026-09-01			binance
https://jobicy.com/jobs/152307-bap-data-analyst	2026-09-01	jobicy-api	BAP - Data Analyst	Binance	added	Hong Kong		2026-09-01			binance
https://job-boards.greenhouse.io/scaleai/jobs/4729899005	2026-09-02	greenhouse-api	Senior Data Analyst, Public Sector	Scale AI	added	Washington, DC	185822148b45c1ae	2026-09-02			scale ai
https://remoteOK.com/remote-jobs/remote-data-entry-clerk-astrek-careers-1137286	2026-09-03	remoteok-api	Data Entry Clerk	Astrek Careers	added						astrek careers
https://jobicy.com/jobs/150923-data-analyst-clinical-data-effectiveness	2026-09-04	jobicy-api	Data Analyst, Clinical Data Effectiveness	Clover Health	added	USA		2026-09-04			clover health
https://4dayweek.io/job/administrative-assistant-uae-national-at-parsons-corporation-86ae8b8a	2026-09-04	4dayweek-api	Administrative Assistant (UAE National)	Parsons Corporation	added	Abu Dhabi, United Arab Emirates		2026-09-04			parsons
https://weworkremotely.com/remote-jobs/nogigiddy-remote-data-entry-clerk-7	2026-09-07	weworkremotely-api	Remote Data Entry Clerk	NoGigiddy	added	Anywhere in the World		2025-11-11			nogigiddy
https://jobicy.com/jobs/152722-senior-data-analyst-risk-analytics	2026-09-07	jobicy-api	Senior Data Analyst, Risk Analytics	SeatGeek	added	USA		2026-09-07			seatgeek
https://remoteOK.com/remote-jobs/remote-data-analyst-assistant-arabian-private-holdings-1136217	2026-09-10	remoteok-api	Data Analyst Assistant	Arabian Private Holdings	added	Ø¯Ø¨Ù, Ø¯Ø¨Ù Ø¯Ø¨Ù Ø§ÙØ¥ÙØ§Ø±Ø§Øª Ø§ÙØ¹Ø±Ø¨ÙØ© Ø§ÙÙØªØ­Ø¯Ø©					arabian private
https://remoteOK.com/remote-jobs/remote-entry-level-administrative-assistant-re-lytics-hires-1136105	2026-09-10	remoteok-api	Entry Level Administrative Assistant	Re Lytics Hires	added	Ø£Ø¨Ù Ø¸Ø¨Ù, Ø£Ø¨Ù Ø¸Ø¨Ù Ø£Ø¨Ù Ø¸Ø¨Ù Ø§ÙØ¥ÙØ§Ø±Ø§Øª Ø§ÙØ¹Ø±Ø¨ÙØ© Ø§ÙÙØªØ­Ø¯Ø©					re lytics hires
https://remoteOK.com/remote-jobs/remote-data-entry-amp-administrative-assistant-re-lytics-hires-1136107	2026-09-10	remoteok-api	Data Entry &amp; Administrative Assistant	Re Lytics Hires	added	Ø£Ø¨Ù Ø¸Ø¨Ù, Ø£Ø¨Ù Ø¸Ø¨Ù Ø£Ø¨Ù Ø¸Ø¨Ù Ø§ÙØ¥ÙØ§Ø±Ø§Øª Ø§ÙØ¹Ø±Ø¨ÙØ© Ø§ÙÙØªØ­Ø¯Ø©					re lytics hires
https://remoteOK.com/remote-jobs/remote-data-entry-administrator-pulsemedianl-1135903	2026-09-10	remoteok-api	Data Entry Administrator	PulseMediaNL	added	Ø§ÙØ±ÙØ§Ø¶, Ø§ÙØ±ÙØ§Ø¶ Ø§ÙØ±ÙØ§Ø¶ Ø§ÙØ³Ø¹ÙØ¯ÙØ©					pulsemedianl
https://remoteOK.com/remote-jobs/remote-administrative-assistant-viable-medical-solutions-1135697	2026-09-10	remoteok-api	Administrative Assistant	Viable Medical Solutions	added	Greater Orlando					viable medical
https://remoteOK.com/remote-jobs/remote-healthcare-virtual-assistant-athena-emr-experience-snapscale-philippines-1135688	2026-09-10	remoteok-api	Healthcare Virtual Assistant Athena EMR Experience	Snapscale Philippines	added	Davao,					snapscale philippines
https://nodesk.co/remote-jobs/boulevard-staff-data-analyst/	2026-09-11	nodesk-api	Staff Data Analyst	Boulevard	added			2026-09-11			boulevard
https://jobicy.com/jobs/153127-data-analyst-internal-audit	2026-09-12	jobicy-api	Data Analyst, Internal Audit	GiveDirectly	added	UK, USA		2026-09-12			givedirectly
https://himalayas.app/companies/ataraxis-management/jobs/healthcare-virtual-assistant-mental-health-practice-remote-7686738480	2026-09-13	himalayas-api	Healthcare Virtual Assistant (Mental Health Practice | Remote)	Ataraxis Management	added	Costa Rica		2026-09-13			ataraxis management
https://jobicy.com/jobs/153293-administrative-assistant-iv	2026-09-14	jobicy-api	Administrative Assistant IV	Affirm	added	USA		2026-09-14			affirm
https://jobicy.com/jobs/153289-senior-administrative-assistant	2026-09-14	jobicy-api	Senior Administrative Assistant	Motive	added	USA		2026-09-14			motive
https://jobicy.com/jobs/153580-financial-data-analyst-account-management	2026-09-18	jobicy-api	Financial Data Analyst, Account Management	SmithRx	added	USA		2026-09-18			smithrx
https://weworkremotely.com/remote-jobs/cortland-plastics-international-data-entry-specialist	2026-09-19	weworkremotely-api	Data Entry Specialist	Cortland Plastics International	added	Anywhere in the World		2026-09-19			cortland plastics
https://4dayweek.io/job/administrative-assistant-ep-ags-2026-227-grae-at-cern-498f2bc3	2026-09-21	4dayweek-api	Administrative Assistant (EP-AGS-2026-227-GRAE)	CERN	added	Geneva, Switzerland		2026-09-21			cern
https://jobicy.com/jobs/153978-data-analyst-sql-databricks	2026-09-23	jobicy-api	Data Analyst - SQL / Databricks	Tenable	added	USA		2026-09-23			tenable
https://jobicy.com/jobs/153937-senior-data-analyst-gtm-analytics-us	2026-09-23	jobicy-api	Senior Data Analyst, GTM Analytics - US	Luxury Presence	added	USA		2026-09-23			luxury presence
https://himalayas.app/companies/mayflower/jobs/payments-data-analyst	2026-09-23	himalayas-api	Payments Data Analyst	Mayflower	added			2026-09-23			mayflower
https://himalayas.app/companies/micro1/jobs/data-analyst-9215136284	2026-09-24	himalayas-api	Data Analyst	micro1	added			2026-09-24			micro1
https://jobicy.com/jobs/154012-freelance-spanish-data-annotation-specialist-100-remote-within-europe	2026-09-24	jobicy-api	Freelance - Spanish Data Annotation Specialist (100% Remote within Europe)	Docplanner	added	Europe		2026-09-24			docplanner
